[
  {
    "id": "captured-group-9-mhfj1guo",
    "name": "Abordagem #1",
    "category": "arrows",
    "description": "Captured from PowerPoint (Group) (Type: 1)",
    "tags": [
      "captured",
      "basic",
      "rectangle",
      "group"
    ],
    "preview": "arrows/captured-group-9-mhfj1guo.png",
    "pptxDefinition": {
      "type": "rectangle",
      "x": 0.384,
      "y": 1.446,
      "w": 1.528,
      "h": 5.229,
      "adj": []
    },
    "nativePptx": "native/shape_captured_1761955877364.pptx",
    "nativeOnly": true
  },
  {
    "id": "captured-freeform-35-mhkskhus",
    "name": "Abordagem #2",
    "category": "arrows",
    "description": "Captured from PowerPoint (Group) (Type: 138)",
    "tags": [
      "captured",
      "basic",
      "rectangle",
      "freeform"
    ],
    "preview": "arrows/captured-freeform-35-mhkskhus.png",
    "pptxDefinition": {
      "type": "rectangle",
      "x": 8.448,
      "y": 2.222,
      "w": 3.386,
      "h": 2.126,
      "adj": []
    },
    "nativePptx": "native/shape_captured_1762274210805.pptx",
    "nativeOnly": true
  },
  {
    "id": "captured-textbox-14-mhfhn330",
    "name": "Cond. Comercial",
    "category": "arrows",
    "description": "Captured from PowerPoint (Group) (Type: 1)",
    "tags": [
      "captured",
      "basic",
      "rectangle",
      "textbox"
    ],
    "preview": "arrows/captured-textbox-14-mhfhn330.png",
    "pptxDefinition": {
      "type": "rectangle",
      "x": 0.417,
      "y": 2.792,
      "w": 3.629,
      "h": 0.315,
      "adj": []
    },
    "nativePptx": "native/shape_captured_1761953520697.pptx",
    "nativeOnly": true
  },
  {
    "id": "captured-rectangle-5-mhfia3cn",
    "name": "Contexto & Objetivos",
    "category": "arrows",
    "description": "Captured from PowerPoint (Group) (Type: 1)",
    "tags": [
      "captured",
      "basic",
      "rectangle"
    ],
    "preview": "arrows/captured-rectangle-5-mhfia3cn.png",
    "pptxDefinition": {
      "type": "rectangle",
      "x": 5.442,
      "y": 1.696,
      "w": 7.891,
      "h": 5.236,
      "adj": []
    },
    "nativePptx": "native/shape_captured_1761954599804.pptx",
    "nativeOnly": true
  },
  {
    "id": "captured-rectangle-44-mhfhhk5i",
    "name": "Credencial",
    "category": "arrows",
    "description": "Captured from PowerPoint (Group) (Type: 1)",
    "tags": [
      "captured",
      "basic",
      "rectangle"
    ],
    "preview": "arrows/captured-rectangle-44-mhfhhk5i.png",
    "pptxDefinition": {
      "type": "rectangle",
      "x": 8.814,
      "y": 2.557,
      "w": 4.103,
      "h": 4.409,
      "adj": []
    },
    "nativePptx": "native/shape_captured_1761953267460.pptx",
    "nativeOnly": true
  },
  {
    "id": "captured-rectangle-21-mhfi6q67",
    "name": "Equipe",
    "category": "arrows",
    "description": "Captured from PowerPoint (Group) (Type: 1)",
    "tags": [
      "captured",
      "basic",
      "rectangle"
    ],
    "preview": "arrows/captured-rectangle-21-mhfi6q67.png",
    "pptxDefinition": {
      "type": "rectangle",
      "x": 5.692,
      "y": 3.642,
      "w": 1.22,
      "h": 0.53,
      "adj": []
    },
    "nativePptx": "native/shape_captured_1761954432869.pptx",
    "nativeOnly": true
  },
  {
    "id": "captured-rectangle-4-mhfj2vgr",
    "name": "Exemplo Delivery: Benchs",
    "category": "arrows",
    "description": "Captured from PowerPoint (Group) (Type: 1)",
    "tags": [
      "captured",
      "basic",
      "rectangle"
    ],
    "preview": "arrows/captured-rectangle-4-mhfj2vgr.png",
    "pptxDefinition": {
      "type": "rectangle",
      "x": 0.699,
      "y": 1.392,
      "w": 11.935,
      "h": 5.586,
      "adj": []
    },
    "nativePptx": "native/shape_captured_1761955942476.pptx",
    "nativeOnly": true
  },
  {
    "id": "captured-rectangle-66-mhfj3h20",
    "name": "Exemplo Delivery: Business Case",
    "category": "arrows",
    "description": "Captured from PowerPoint (Group) (Type: 1)",
    "tags": [
      "captured",
      "basic",
      "rectangle"
    ],
    "preview": "arrows/captured-rectangle-66-mhfj3h20.png",
    "pptxDefinition": {
      "type": "rectangle",
      "x": 0.699,
      "y": 1.392,
      "w": 11.935,
      "h": 5.586,
      "adj": []
    },
    "nativePptx": "native/shape_captured_1761955970136.pptx",
    "nativeOnly": true
  },
  {
    "id": "captured-table-5-mhfi7ibw",
    "name": "Governança",
    "category": "arrows",
    "description": "Captured from PowerPoint (Group) (Type: -2)",
    "tags": [
      "captured",
      "basic",
      "rectangle",
      "table"
    ],
    "preview": "arrows/captured-table-5-mhfi7ibw.png",
    "pptxDefinition": {
      "type": "rectangle",
      "x": 0.41,
      "y": 1.792,
      "w": 12.513,
      "h": 4.803,
      "adj": []
    },
    "nativePptx": "native/shape_captured_1761954477501.pptx",
    "nativeOnly": true
  },
  {
    "id": "captured-freeform-54-mhfinp62",
    "name": "Jornada",
    "category": "arrows",
    "description": "Captured from PowerPoint (Group) (Type: 138)",
    "tags": [
      "captured",
      "basic",
      "rectangle",
      "freeform"
    ],
    "preview": "arrows/captured-freeform-54-mhfinp62.png",
    "pptxDefinition": {
      "type": "rectangle",
      "x": 12.443,
      "y": 2.052,
      "w": 0.368,
      "h": 3.421,
      "adj": []
    },
    "nativePptx": "native/shape_captured_1761955233788.pptx",
    "nativeOnly": true
  },
  {
    "id": "captured-textbox-5-mhfi5uiq",
    "name": "Liderança",
    "category": "arrows",
    "description": "Captured from PowerPoint (Group) (Type: 1)",
    "tags": [
      "captured",
      "basic",
      "rectangle",
      "textbox"
    ],
    "preview": "arrows/captured-textbox-5-mhfi5uiq.png",
    "pptxDefinition": {
      "type": "rectangle",
      "x": 5.525,
      "y": 2.872,
      "w": 2.283,
      "h": 1.654,
      "adj": []
    },
    "nativePptx": "native/shape_captured_1761954401442.pptx",
    "nativeOnly": true
  },
  {
    "id": "captured-title-1-mhfi3s5s",
    "name": "Objetivos",
    "category": "arrows",
    "description": "Captured from PowerPoint (Group) (Type: 1)",
    "tags": [
      "captured",
      "basic",
      "rectangle",
      "title"
    ],
    "preview": "arrows/captured-title-1-mhfi3s5s.png",
    "pptxDefinition": {
      "type": "rectangle",
      "x": 0.417,
      "y": 3.284,
      "w": 2.44,
      "h": 0.862,
      "adj": []
    },
    "nativePptx": "native/shape_captured_1761954298398.pptx",
    "nativeOnly": true
  },
  {
    "id": "captured-rounded-rectangle-5-mhi3efwe",
    "name": "Questões Chave",
    "category": "arrows",
    "description": "Captured from PowerPoint (Group) (Type: 5)",
    "tags": [
      "captured",
      "basic",
      "rectangle",
      "rounded"
    ],
    "preview": "arrows/captured-rounded-rectangle-5-mhi3efwe.png",
    "pptxDefinition": {
      "type": "rectangle",
      "x": 0.417,
      "y": 3.267,
      "w": 2.52,
      "h": 2.076,
      "adj": [
        0.111
      ]
    },
    "nativePptx": "native/shape_captured_1762111007149.pptx",
    "nativeOnly": true
  },
  {
    "id": "captured-rounded-rectangle-mhfhl7jj",
    "name": "Serviços ACN",
    "category": "arrows",
    "description": "Captured from PowerPoint (Group) (Type: 5)",
    "tags": [
      "captured",
      "basic",
      "rectangle",
      "rounded"
    ],
    "preview": "arrows/captured-rounded-rectangle-mhfhl7jj.png",
    "pptxDefinition": {
      "type": "rectangle",
      "x": 0.505,
      "y": 1.649,
      "w": 2.875,
      "h": 3.976,
      "adj": [
        0.041
      ]
    },
    "nativePptx": "native/shape_captured_1761953438615.pptx",
    "nativeOnly": true
  },
  {
    "id": "captured-rectangle-65-mhi3gldo",
    "name": "Sobre ACN",
    "category": "arrows",
    "description": "Captured from PowerPoint (Group) (Type: 1)",
    "tags": [
      "captured",
      "basic",
      "rectangle"
    ],
    "preview": "arrows/captured-rectangle-65-mhi3gldo.png",
    "pptxDefinition": {
      "type": "rectangle",
      "x": 0.417,
      "y": 2.712,
      "w": 4.646,
      "h": 2.043,
      "adj": []
    },
    "nativePptx": "native/shape_captured_1762111103642.pptx",
    "nativeOnly": true
  }
]